{
	"parent": "item/generated",
	"textures": {
		"layer0": "item/bow"
	},
	"display": {
        "thirdperson_righthand": {
            "rotation": [ -80, 260, -40 ],
            "translation": [ -1, -2, 2.5 ],
            "scale": [ 0.9, 0.9, 0.9 ]
        },
        "thirdperson_lefthand": {
            "rotation": [ -80, -280, 40 ],
            "translation": [ -1, -2, 2.5 ],
            "scale": [ 0.9, 0.9, 0.9 ]
        },
        "firstperson_righthand": {
            "rotation": [ 0, -90, 25 ],
            "translation": [ 1.13, 3.2, 1.13],
            "scale": [ 0.68, 0.68, 0.68 ]
        },
        "firstperson_lefthand": {
            "rotation": [ 0, 90, -25 ],
            "translation": [ 1.13, 3.2, 1.13],
            "scale": [ 0.68, 0.68, 0.68 ]
        }
    },
	"overrides": [
		{ "predicate": {"pulling": 1, "pull": 0}, "model": "item/bow_pulling_0"},
		{ "predicate": {"pulling": 1, "pull": 0.65}, "model": "item/bow_pulling_1"},
		{ "predicate": {"pulling": 1, "pull": 0.9}, "model": "item/bow_pulling_2"},
		
		{ "predicate": {"damaged": 0, "damage": 0.0025974025974025974}, "model": "item/bow/standby/1"},
		{ "predicate": {"pulling": 1 , "pull": 0,"damaged": 0, "damage": 0.0025974025974025974}, "model": "item/bow/pulling/1"},
		{ "predicate": {"pulling": 1 , "pull": 0.65,"damaged": 0, "damage": 0.0025974025974025974}, "model": "item/bow/pulling1/1"},
		{ "predicate": {"pulling": 1 , "pull": 0.9,"damaged": 0, "damage": 0.0025974025974025974}, "model": "item/bow/pulling2/1"},
		
		{ "predicate": {"damaged": 0, "damage": 0.005194805194805195}, "model": "item/bow/standby/2"},
		{ "predicate": {"pulling": 1 ,"damaged": 0, "damage": 0.005194805194805195}, "model": "item/bow/pulling/2"},
		{ "predicate": {"pulling": 1 , "pull": 0.65,"damaged": 0, "damage": 0.005194805194805195}, "model": "item/bow/pulling1/2"},
		{ "predicate": {"pulling": 1 , "pull": 0.9,"damaged": 0, "damage": 0.005194805194805195}, "model": "item/bow/pulling2/2"},
		
		{ "predicate": {"damaged": 0, "damage": 0.007792207792207792}, "model": "item/bow/standby/3"},
		{ "predicate": {"pulling": 1 ,"damaged": 0, "damage": 0.007792207792207792}, "model": "item/bow/pulling/3"},
		{ "predicate": {"pulling": 1 , "pull": 0.65,"damaged": 0, "damage": 0.007792207792207792}, "model": "item/bow/pulling1/3"},
		{ "predicate": {"pulling": 1 , "pull": 0.9,"damaged": 0, "damage": 0.007792207792207792}, "model": "item/bow/pulling2/3"},
		
		{ "predicate": {"damaged": 0, "damage": 0.01038961038961039}, "model": "item/bow/standby/4"},
		{ "predicate": {"pulling": 1 ,"damaged": 0, "damage": 0.01038961038961039}, "model": "item/bow/pulling/4"},
		{ "predicate": {"pulling": 1 , "pull": 0.65,"damaged": 0, "damage": 0.01038961038961039}, "model": "item/bow/pulling1/4"},
		{ "predicate": {"pulling": 1 , "pull": 0.9,"damaged": 0, "damage": 0.01038961038961039}, "model": "item/bow/pulling2/4"},
		
		{ "predicate": {"damaged": 0, "damage": 0.012987012987012988}, "model": "item/bow/standby/5"},
		{ "predicate": {"pulling": 1 ,"damaged": 0, "damage": 0.012987012987012988}, "model": "item/bow/pulling/5"},
		{ "predicate": {"pulling": 1 , "pull": 0.65,"damaged": 0, "damage": 0.012987012987012988}, "model": "item/bow/pulling1/5"},
		{ "predicate": {"pulling": 1 , "pull": 0.9,"damaged": 0, "damage": 0.012987012987012988}, "model": "item/bow/pulling2/5"},
		
		{ "predicate": {"damaged": 0, "damage": 0.015584415584415584}, "model": "item/bow/standby/6"},
		{ "predicate": {"pulling": 1 ,"damaged": 0, "damage": 0.015584415584415584}, "model": "item/bow/pulling/6"},
		{ "predicate": {"pulling": 1 , "pull": 0.65,"damaged": 0, "damage": 0.015584415584415584}, "model": "item/bow/pulling1/6"},
		{ "predicate": {"pulling": 1 , "pull": 0.9,"damaged": 0, "damage": 0.015584415584415584}, "model": "item/bow/pulling2/6"},
		
		{ "predicate": {"damaged": 0, "damage": 0.01818181818181818}, "model": "item/bow/standby/7"},
		{ "predicate": {"pulling": 1 ,"damaged": 0, "damage": 0.01818181818181818}, "model": "item/bow/pulling/7"},
		{ "predicate": {"pulling": 1 , "pull": 0.65,"damaged": 0, "damage": 0.01818181818181818}, "model": "item/bow/pulling1/7"},
		{ "predicate": {"pulling": 1 , "pull": 0.9,"damaged": 0, "damage": 0.01818181818181818}, "model": "item/bow/pulling2/7"},
		
		{ "predicate": {"damaged": 0, "damage": 0.02077922077922078}, "model": "item/bow/standby/8"},
		{ "predicate": {"pulling": 1 ,"damaged": 0, "damage": 0.02077922077922078}, "model": "item/bow/pulling/8"},
		{ "predicate": {"pulling": 1 , "pull": 0.65,"damaged": 0, "damage": 0.02077922077922078}, "model": "item/bow/pulling1/8"},
		{ "predicate": {"pulling": 1 , "pull": 0.9,"damaged": 0, "damage": 0.02077922077922078}, "model": "item/bow/pulling2/8"},
		
		{ "predicate": {"damaged": 0, "damage": 0.023376623376623377}, "model": "item/bow/standby/9"},
		{ "predicate": {"pulling": 1 ,"damaged": 0, "damage": 0.023376623376623377}, "model": "item/bow/pulling/9"},
		{ "predicate": {"pulling": 1 , "pull": 0.65,"damaged": 0, "damage": 0.023376623376623377}, "model": "item/bow/pulling1/9"},
		{ "predicate": {"pulling": 1 , "pull": 0.9,"damaged": 0, "damage": 0.023376623376623377}, "model": "item/bow/pulling2/9"},
		
		{ "predicate": {"damaged": 0, "damage": 0.025974025974025976}, "model": "item/bow/standby/10"},
		{ "predicate": {"pulling": 1 ,"damaged": 0, "damage": 0.025974025974025976}, "model": "item/bow/pulling/10"},
		{ "predicate": {"pulling": 1 , "pull": 0.65,"damaged": 0, "damage": 0.025974025974025976}, "model": "item/bow/pulling1/10"},
		{ "predicate": {"pulling": 1 , "pull": 0.9,"damaged": 0, "damage": 0.025974025974025976}, "model": "item/bow/pulling2/10"},
		
		{ "predicate": {"damaged": 0, "damage": 0.02857142857142857}, "model": "item/bow/standby/11"},
		{ "predicate": {"pulling": 1 ,"damaged": 0, "damage": 0.02857142857142857}, "model": "item/bow/pulling/11"},
		{ "predicate": {"pulling": 1 , "pull": 0.65,"damaged": 0, "damage": 0.02857142857142857}, "model": "item/bow/pulling1/11"},
		{ "predicate": {"pulling": 1 , "pull": 0.9,"damaged": 0, "damage": 0.02857142857142857}, "model": "item/bow/pulling2/11"},
		
		{ "predicate": {"damaged": 0, "damage": 0.03116883116883117}, "model": "item/bow/standby/12"},
		{ "predicate": {"pulling": 1 ,"damaged": 0, "damage": 0.03116883116883117}, "model": "item/bow/pulling/12"},
		{ "predicate": {"pulling": 1 , "pull": 0.65,"damaged": 0, "damage": 0.03116883116883117}, "model": "item/bow/pulling1/12"},
		{ "predicate": {"pulling": 1 , "pull": 0.9,"damaged": 0, "damage": 0.03116883116883117}, "model": "item/bow/pulling2/12"},
		
		{ "predicate": {"damaged": 0, "damage": 0.033766233766233764}, "model": "item/bow/standby/13"},
		{ "predicate": {"pulling": 1 ,"damaged": 0, "damage": 0.033766233766233764}, "model": "item/bow/pulling/13"},
		{ "predicate": {"pulling": 1 , "pull": 0.65,"damaged": 0, "damage": 0.033766233766233764}, "model": "item/bow/pulling1/13"},
		{ "predicate": {"pulling": 1 , "pull": 0.9,"damaged": 0, "damage": 0.033766233766233764}, "model": "item/bow/pulling2/13"},
		
		{ "predicate": {"damaged": 0, "damage": 0.03636363636363636}, "model": "item/bow/standby/14"},
		{ "predicate": {"pulling": 1 ,"damaged": 0, "damage": 0.03636363636363636}, "model": "item/bow/pulling/14"},
		{ "predicate": {"pulling": 1 , "pull": 0.65,"damaged": 0, "damage": 0.03636363636363636}, "model": "item/bow/pulling1/14"},
		{ "predicate": {"pulling": 1 , "pull": 0.9,"damaged": 0, "damage": 0.03636363636363636}, "model": "item/bow/pulling2/14"},
		
		{ "predicate": {"damaged": 0, "damage": 0.03896103896103896}, "model": "item/bow/standby/15"},
		{ "predicate": {"pulling": 1 ,"damaged": 0, "damage": 0.03896103896103896}, "model": "item/bow/pulling/15"},
		{ "predicate": {"pulling": 1 , "pull": 0.65,"damaged": 0, "damage": 0.03896103896103896}, "model": "item/bow/pulling1/15"},
		{ "predicate": {"pulling": 1 , "pull": 0.9,"damaged": 0, "damage": 0.03896103896103896}, "model": "item/bow/pulling2/15"},
		
		{ "predicate": {"damaged": 0, "damage": 0.04155844155844156}, "model": "item/bow/standby/16"},
		{ "predicate": {"pulling": 1 ,"damaged": 0, "damage": 0.04155844155844156}, "model": "item/bow/pulling/16"},
		{ "predicate": {"pulling": 1 , "pull": 0.65,"damaged": 0, "damage": 0.04155844155844156}, "model": "item/bow/pulling1/16"},
		{ "predicate": {"pulling": 1 , "pull": 0.9,"damaged": 0, "damage": 0.04155844155844156}, "model": "item/bow/pulling2/16"},
		
		{ "predicate": {"damaged": 0, "damage": 0.04415584415584416}, "model": "item/bow/standby/17"},
		{ "predicate": {"pulling": 1 ,"damaged": 0, "damage": 0.04415584415584416}, "model": "item/bow/pulling/17"},
		{ "predicate": {"pulling": 1 , "pull": 0.65,"damaged": 0, "damage": 0.04415584415584416}, "model": "item/bow/pulling1/17"},
		{ "predicate": {"pulling": 1 , "pull": 0.9,"damaged": 0, "damage": 0.04415584415584416}, "model": "item/bow/pulling2/17"},
		
		{ "predicate": {"damaged": 0, "damage": 0.046753246753246755}, "model": "item/bow/standby/18"},
		{ "predicate": {"pulling": 1 ,"damaged": 0, "damage": 0.046753246753246755}, "model": "item/bow/pulling/18"},
		{ "predicate": {"pulling": 1 , "pull": 0.65,"damaged": 0, "damage": 0.046753246753246755}, "model": "item/bow/pulling1/18"},
		{ "predicate": {"pulling": 1 , "pull": 0.9,"damaged": 0, "damage": 0.046753246753246755}, "model": "item/bow/pulling2/18"},
		
		{ "predicate": {"damaged": 0, "damage": 0.04935064935064935}, "model": "item/bow/standby/19"},
		{ "predicate": {"pulling": 1 ,"damaged": 0, "damage": 0.04935064935064935}, "model": "item/bow/pulling/19"},
		{ "predicate": {"pulling": 1 , "pull": 0.65,"damaged": 0, "damage": 0.04935064935064935}, "model": "item/bow/pulling1/19"},
		{ "predicate": {"pulling": 1 , "pull": 0.9,"damaged": 0, "damage": 0.04935064935064935}, "model": "item/bow/pulling2/19"},
		
		{ "predicate": {"damaged": 0, "damage": 0.05194805194805195}, "model": "item/bow/standby/20"},
		{ "predicate": {"pulling": 1 ,"damaged": 0, "damage": 0.05194805194805195}, "model": "item/bow/pulling/20"},
		{ "predicate": {"pulling": 1 , "pull": 0.65,"damaged": 0, "damage": 0.05194805194805195}, "model": "item/bow/pulling1/20"},
		{ "predicate": {"pulling": 1 , "pull": 0.9,"damaged": 0, "damage": 0.05194805194805195}, "model": "item/bow/pulling2/20"},
		
		{ "predicate": {"damaged": 0, "damage": 0.05454545454545454}, "model": "item/bow"},
		{ "predicate": {"pulling": 1 ,"damaged": 0, "damage": 0.05454545454545454}, "model": "item/bow_pulling_0"},
		{ "predicate": {"pulling": 1 , "pull": 0.65,"damaged": 0, "damage": 0.05454545454545454}, "model": "item/bow_pulling_1"},
		{ "predicate": {"pulling": 1 , "pull": 0.9,"damaged": 0, "damage": 0.05454545454545454}, "model": "item/bow_pulling_2"},
		
		{ "predicate": {"damaged": 1 , "damage": 0}, "model": "item/bow"},
		{ "predicate": {"damaged": 1 , "pulling": 1, "damage": 0}, "model": "item/bow_pulling_0"},
		{ "predicate": {"pulling": 1 , "pull": 0.65, "damaged": 1, "damage": 0, "pulling": 1, "pull": 0.65}, "model": "item/bow_pulling_1"},
		{ "predicate": {"pulling": 1 , "pull": 0.9, "damaged": 1, "damage": 0, "pulling": 1, "pull": 0.9}, "model": "item/bow_pulling_2"}
	]
}
