{
	"parent": "item/handheld_rod",
	"textures": {
		"layer0": "item/carrot_on_a_stick"
	},
	"overrides": [
		{ "predicate": { "damaged": 0, "damage": 0.038461538461538464 }, "model": "item/carrot_on_a_stick/1" },
		{ "predicate": { "damaged": 0, "damage": 0.07692307692307693 }, "model": "item/carrot_on_a_stick/2" },
		{ "predicate": { "damaged": 0, "damage": 0.11538461538461539 }, "model": "item/carrot_on_a_stick/3" },
		{ "predicate": { "damaged": 0, "damage": 0.15384615384615385 }, "model": "item/carrot_on_a_stick/4" },
		{ "predicate": { "damaged": 0, "damage": 0.19230769230769232 }, "model": "item/carrot_on_a_stick/5" },
		{ "predicate": { "damaged": 0, "damage": 0.23076923076923078 }, "model": "item/carrot_on_a_stick/6" },
		{ "predicate": { "damaged": 0, "damage": 0.2692307692307692 }, "model": "item/carrot_on_a_stick/7" },
		{ "predicate": { "damaged": 0, "damage": 0.3076923076923077 }, "model": "item/carrot_on_a_stick/8" },
		{ "predicate": { "damaged": 0, "damage": 0.34615384615384615 }, "model": "item/carrot_on_a_stick/9" },
		{ "predicate": { "damaged": 0, "damage": 0.38461538461538464 }, "model": "item/carrot_on_a_stick/10" },
		{ "predicate": { "damaged": 0, "damage": 0.4230769230769231 }, "model": "item/carrot_on_a_stick/11" },
		{ "predicate": { "damaged": 0, "damage": 0.46153846153846156 }, "model": "item/carrot_on_a_stick/12" },
		{ "predicate": { "damaged": 0, "damage": 0.5 }, "model": "item/carrot_on_a_stick/13" },
		{ "predicate": { "damaged": 0, "damage": 0.5384615384615384 }, "model": "item/carrot_on_a_stick/14" },
		{ "predicate": { "damaged": 0, "damage": 0.5769230769230769 }, "model": "item/carrot_on_a_stick/15" },
		{ "predicate": { "damaged": 0, "damage": 0.6153846153846154 }, "model": "item/carrot_on_a_stick/16" },
		{ "predicate": { "damaged": 0, "damage": 0.6538461538461539 }, "model": "item/carrot_on_a_stick/17" },
		{ "predicate": { "damaged": 0, "damage": 0.6923076923076923 }, "model": "item/carrot_on_a_stick/18" },
		{ "predicate": { "damaged": 0, "damage": 0.7307692307692307 }, "model": "item/carrot_on_a_stick/19" },
		{ "predicate": { "damaged": 0, "damage": 0.7692307692307693 }, "model": "item/carrot_on_a_stick/20" },
		{ "predicate": { "damaged": 0, "damage": 0.8076923076923077 }, "model": "item/carrot_on_a_stick" },
		{ "predicate": { "damaged": 1, "damage": 0}, "model": "item/carrot_on_a_stick"}
	]
}