{
	"parent": "item/generated",
	"textures": {
		"layer0": "item/chainmail_boots"
	},
	"overrides": [
		{ "predicate": { "damaged": 0, "damage": 0.00510204081632653 }, "model": "item/chainmail_boots/1" },
		{ "predicate": { "damaged": 0, "damage": 0.01020408163265306 }, "model": "item/chainmail_boots/2" },
		{ "predicate": { "damaged": 0, "damage": 0.015306122448979591 }, "model": "item/chainmail_boots/3" },
		{ "predicate": { "damaged": 0, "damage": 0.02040816326530612 }, "model": "item/chainmail_boots/4" },
		{ "predicate": { "damaged": 0, "damage": 0.025510204081632654 }, "model": "item/chainmail_boots/5" },
		{ "predicate": { "damaged": 0, "damage": 0.030612244897959183 }, "model": "item/chainmail_boots/6" },
		{ "predicate": { "damaged": 0, "damage": 0.03571428571428571 }, "model": "item/chainmail_boots/7" },
		{ "predicate": { "damaged": 0, "damage": 0.04081632653061224 }, "model": "item/chainmail_boots/8" },
		{ "predicate": { "damaged": 0, "damage": 0.04591836734693878 }, "model": "item/chainmail_boots/9" },
		{ "predicate": { "damaged": 0, "damage": 0.05102040816326531 }, "model": "item/chainmail_boots/10" },
		{ "predicate": { "damaged": 0, "damage": 0.05612244897959184 }, "model": "item/chainmail_boots/11" },
		{ "predicate": { "damaged": 0, "damage": 0.061224489795918366 }, "model": "item/chainmail_boots/12" },
		{ "predicate": { "damaged": 0, "damage": 0.0663265306122449 }, "model": "item/chainmail_boots/13" },
		{ "predicate": { "damaged": 0, "damage": 0.07142857142857142 }, "model": "item/chainmail_boots/14" },
		{ "predicate": { "damaged": 0, "damage": 0.07653061224489796 }, "model": "item/chainmail_boots/15" },
		{ "predicate": { "damaged": 0, "damage": 0.08163265306122448 }, "model": "item/chainmail_boots/16" },
		{ "predicate": { "damaged": 0, "damage": 0.08673469387755102 }, "model": "item/chainmail_boots/17" },
		{ "predicate": { "damaged": 0, "damage": 0.09183673469387756 }, "model": "item/chainmail_boots/18" },
		{ "predicate": { "damaged": 0, "damage": 0.09693877551020408 }, "model": "item/chainmail_boots/19" },
		{ "predicate": { "damaged": 0, "damage": 0.10204081632653061 }, "model": "item/chainmail_boots/20" },
		{ "predicate": { "damaged": 0, "damage": 0.10714285714285714 }, "model": "item/chainmail_boots" },
		{ "predicate": { "damaged": 1, "damage": 0}, "model": "item/chainmail_boots"}
	]
}
