{
	"parent": "item/generated",
	"textures": {
		"layer0": "item/chainmail_helmet"
	},
	"overrides": [
		{ "predicate": { "damaged": 0, "damage": 0.006024096385542169 }, "model": "item/chainmail_helmet/1" },
		{ "predicate": { "damaged": 0, "damage": 0.012048192771084338 }, "model": "item/chainmail_helmet/2" },
		{ "predicate": { "damaged": 0, "damage": 0.018072289156626505 }, "model": "item/chainmail_helmet/3" },
		{ "predicate": { "damaged": 0, "damage": 0.024096385542168676 }, "model": "item/chainmail_helmet/4" },
		{ "predicate": { "damaged": 0, "damage": 0.030120481927710843 }, "model": "item/chainmail_helmet/5" },
		{ "predicate": { "damaged": 0, "damage": 0.03614457831325301 }, "model": "item/chainmail_helmet/6" },
		{ "predicate": { "damaged": 0, "damage": 0.04216867469879518 }, "model": "item/chainmail_helmet/7" },
		{ "predicate": { "damaged": 0, "damage": 0.04819277108433735 }, "model": "item/chainmail_helmet/8" },
		{ "predicate": { "damaged": 0, "damage": 0.05421686746987952 }, "model": "item/chainmail_helmet/9" },
		{ "predicate": { "damaged": 0, "damage": 0.060240963855421686 }, "model": "item/chainmail_helmet/10" },
		{ "predicate": { "damaged": 0, "damage": 0.06626506024096386 }, "model": "item/chainmail_helmet/11" },
		{ "predicate": { "damaged": 0, "damage": 0.07228915662650602 }, "model": "item/chainmail_helmet/12" },
		{ "predicate": { "damaged": 0, "damage": 0.0783132530120482 }, "model": "item/chainmail_helmet/13" },
		{ "predicate": { "damaged": 0, "damage": 0.08433734939759036 }, "model": "item/chainmail_helmet/14" },
		{ "predicate": { "damaged": 0, "damage": 0.09036144578313253 }, "model": "item/chainmail_helmet/15" },
		{ "predicate": { "damaged": 0, "damage": 0.0963855421686747 }, "model": "item/chainmail_helmet/16" },
		{ "predicate": { "damaged": 0, "damage": 0.10240963855421686 }, "model": "item/chainmail_helmet/17" },
		{ "predicate": { "damaged": 0, "damage": 0.10843373493975904 }, "model": "item/chainmail_helmet/18" },
		{ "predicate": { "damaged": 0, "damage": 0.1144578313253012 }, "model": "item/chainmail_helmet/19" },
		{ "predicate": { "damaged": 0, "damage": 0.12048192771084337 }, "model": "item/chainmail_helmet/20" },
		{ "predicate": { "damaged": 0, "damage": 0.12650602409638553 }, "model": "item/chainmail_helmet" },
		{ "predicate": { "damaged": 1, "damage": 0}, "model": "item/chainmail_helmet"}
	]
}
