{
	"parent": "item/generated",
	"textures": {
		"layer0": "item/diamond_chestplate"
	},
	"overrides": [
		{ "predicate": { "damaged": 0, "damage": 0.001890359168241966 }, "model": "item/diamond_chestplate/1" },
		{ "predicate": { "damaged": 0, "damage": 0.003780718336483932 }, "model": "item/diamond_chestplate/2" },
		{ "predicate": { "damaged": 0, "damage": 0.005671077504725898 }, "model": "item/diamond_chestplate/3" },
		{ "predicate": { "damaged": 0, "damage": 0.007561436672967864 }, "model": "item/diamond_chestplate/4" },
		{ "predicate": { "damaged": 0, "damage": 0.00945179584120983 }, "model": "item/diamond_chestplate/5" },
		{ "predicate": { "damaged": 0, "damage": 0.011342155009451797 }, "model": "item/diamond_chestplate/6" },
		{ "predicate": { "damaged": 0, "damage": 0.013232514177693762 }, "model": "item/diamond_chestplate/7" },
		{ "predicate": { "damaged": 0, "damage": 0.015122873345935728 }, "model": "item/diamond_chestplate/8" },
		{ "predicate": { "damaged": 0, "damage": 0.017013232514177693 }, "model": "item/diamond_chestplate/9" },
		{ "predicate": { "damaged": 0, "damage": 0.01890359168241966 }, "model": "item/diamond_chestplate/10" },
		{ "predicate": { "damaged": 0, "damage": 0.020793950850661626 }, "model": "item/diamond_chestplate/11" },
		{ "predicate": { "damaged": 0, "damage": 0.022684310018903593 }, "model": "item/diamond_chestplate/12" },
		{ "predicate": { "damaged": 0, "damage": 0.024574669187145556 }, "model": "item/diamond_chestplate/13" },
		{ "predicate": { "damaged": 0, "damage": 0.026465028355387523 }, "model": "item/diamond_chestplate/14" },
		{ "predicate": { "damaged": 0, "damage": 0.02835538752362949 }, "model": "item/diamond_chestplate/15" },
		{ "predicate": { "damaged": 0, "damage": 0.030245746691871456 }, "model": "item/diamond_chestplate/16" },
		{ "predicate": { "damaged": 0, "damage": 0.03213610586011342 }, "model": "item/diamond_chestplate/17" },
		{ "predicate": { "damaged": 0, "damage": 0.034026465028355386 }, "model": "item/diamond_chestplate/18" },
		{ "predicate": { "damaged": 0, "damage": 0.035916824196597356 }, "model": "item/diamond_chestplate/19" },
		{ "predicate": { "damaged": 0, "damage": 0.03780718336483932 }, "model": "item/diamond_chestplate/20" },
		{ "predicate": { "damaged": 0, "damage": 0.03969754253308128 }, "model": "item/diamond_chestplate" },
		{ "predicate": { "damaged": 1, "damage": 0}, "model": "item/diamond_chestplate"}
	]
}
