{
	"parent": "item/generated",
	"textures": {
		"layer0": "item/diamond_boots"
	},
	"overrides": [
		{ "predicate": { "damaged": 0, "damage": 0.002325581395348837 }, "model": "item/diamond_boots/1" },
		{ "predicate": { "damaged": 0, "damage": 0.004651162790697674 }, "model": "item/diamond_boots/2" },
		{ "predicate": { "damaged": 0, "damage": 0.0069767441860465115 }, "model": "item/diamond_boots/3" },
		{ "predicate": { "damaged": 0, "damage": 0.009302325581395349 }, "model": "item/diamond_boots/4" },
		{ "predicate": { "damaged": 0, "damage": 0.011627906976744186 }, "model": "item/diamond_boots/5" },
		{ "predicate": { "damaged": 0, "damage": 0.013953488372093023 }, "model": "item/diamond_boots/6" },
		{ "predicate": { "damaged": 0, "damage": 0.01627906976744186 }, "model": "item/diamond_boots/7" },
		{ "predicate": { "damaged": 0, "damage": 0.018604651162790697 }, "model": "item/diamond_boots/8" },
		{ "predicate": { "damaged": 0, "damage": 0.020930232558139535 }, "model": "item/diamond_boots/9" },
		{ "predicate": { "damaged": 0, "damage": 0.023255813953488372 }, "model": "item/diamond_boots/10" },
		{ "predicate": { "damaged": 0, "damage": 0.02558139534883721 }, "model": "item/diamond_boots/11" },
		{ "predicate": { "damaged": 0, "damage": 0.027906976744186046 }, "model": "item/diamond_boots/12" },
		{ "predicate": { "damaged": 0, "damage": 0.030232558139534883 }, "model": "item/diamond_boots/13" },
		{ "predicate": { "damaged": 0, "damage": 0.03255813953488372 }, "model": "item/diamond_boots/14" },
		{ "predicate": { "damaged": 0, "damage": 0.03488372093023256 }, "model": "item/diamond_boots/15" },
		{ "predicate": { "damaged": 0, "damage": 0.037209302325581395 }, "model": "item/diamond_boots/16" },
		{ "predicate": { "damaged": 0, "damage": 0.03953488372093023 }, "model": "item/diamond_boots/17" },
		{ "predicate": { "damaged": 0, "damage": 0.04186046511627907 }, "model": "item/diamond_boots/18" },
		{ "predicate": { "damaged": 0, "damage": 0.044186046511627906 }, "model": "item/diamond_boots/19" },
		{ "predicate": { "damaged": 0, "damage": 0.046511627906976744 }, "model": "item/diamond_boots/20" },
		{ "predicate": { "damaged": 0, "damage": 0.04883720930232558 }, "model": "item/diamond_boots" },
		{ "predicate": { "damaged": 1, "damage": 0}, "model": "item/diamond_boots"}
	]
}
