{
	"parent": "item/generated",
	"textures": {
		"layer0": "item/diamond_helmet"
	},
	"overrides": [
		{ "predicate": { "damaged": 0, "damage": 0.0027472527472527475 }, "model": "item/diamond_helmet/1" },
		{ "predicate": { "damaged": 0, "damage": 0.005494505494505495 }, "model": "item/diamond_helmet/2" },
		{ "predicate": { "damaged": 0, "damage": 0.008241758241758242 }, "model": "item/diamond_helmet/3" },
		{ "predicate": { "damaged": 0, "damage": 0.01098901098901099 }, "model": "item/diamond_helmet/4" },
		{ "predicate": { "damaged": 0, "damage": 0.013736263736263736 }, "model": "item/diamond_helmet/5" },
		{ "predicate": { "damaged": 0, "damage": 0.016483516483516484 }, "model": "item/diamond_helmet/6" },
		{ "predicate": { "damaged": 0, "damage": 0.019230769230769232 }, "model": "item/diamond_helmet/7" },
		{ "predicate": { "damaged": 0, "damage": 0.02197802197802198 }, "model": "item/diamond_helmet/8" },
		{ "predicate": { "damaged": 0, "damage": 0.024725274725274724 }, "model": "item/diamond_helmet/9" },
		{ "predicate": { "damaged": 0, "damage": 0.027472527472527472 }, "model": "item/diamond_helmet/10" },
		{ "predicate": { "damaged": 0, "damage": 0.03021978021978022 }, "model": "item/diamond_helmet/11" },
		{ "predicate": { "damaged": 0, "damage": 0.03296703296703297 }, "model": "item/diamond_helmet/12" },
		{ "predicate": { "damaged": 0, "damage": 0.03571428571428571 }, "model": "item/diamond_helmet/13" },
		{ "predicate": { "damaged": 0, "damage": 0.038461538461538464 }, "model": "item/diamond_helmet/14" },
		{ "predicate": { "damaged": 0, "damage": 0.04120879120879121 }, "model": "item/diamond_helmet/15" },
		{ "predicate": { "damaged": 0, "damage": 0.04395604395604396 }, "model": "item/diamond_helmet/16" },
		{ "predicate": { "damaged": 0, "damage": 0.046703296703296704 }, "model": "item/diamond_helmet/17" },
		{ "predicate": { "damaged": 0, "damage": 0.04945054945054945 }, "model": "item/diamond_helmet/18" },
		{ "predicate": { "damaged": 0, "damage": 0.0521978021978022 }, "model": "item/diamond_helmet/19" },
		{ "predicate": { "damaged": 0, "damage": 0.054945054945054944 }, "model": "item/diamond_helmet/20" },
		{ "predicate": { "damaged": 0, "damage": 0.057692307692307696 }, "model": "item/diamond_helmet" },
		{ "predicate": { "damaged": 1, "damage": 0}, "model": "item/diamond_helmet"}
	]
}
