{
	"parent": "item/handheld_rod",
	"textures": {
		"layer0": "item/fishing_rod"
	},
	"overrides": [
		{ "predicate": { "cast": 1 }, "model": "item/fishing_rod_cast"},
	
		{ "predicate": { "damaged": 0, "damage": 0.015384615384615385 }, "model": "item/fishing_rod/1" },
		{ "predicate": { "cast": 1, "damaged": 0, "damage": 0.015384615384615385 }, "model": "item/fishing_rod_cast/1" },
		{ "predicate": { "damaged": 0, "damage": 0.03076923076923077 }, "model": "item/fishing_rod/2" },
		{ "predicate": { "cast": 1, "damaged": 0, "damage": 0.03076923076923077 }, "model": "item/fishing_rod_cast/2" },
		{ "predicate": { "damaged": 0, "damage": 0.046153846153846156 }, "model": "item/fishing_rod/3" },
		{ "predicate": { "cast": 1, "damaged": 0, "damage": 0.046153846153846156 }, "model": "item/fishing_rod_cast/3" },
		{ "predicate": { "damaged": 0, "damage": 0.06153846153846154 }, "model": "item/fishing_rod/4" },
		{ "predicate": { "cast": 1, "damaged": 0, "damage": 0.06153846153846154 }, "model": "item/fishing_rod_cast/4" },
		{ "predicate": { "damaged": 0, "damage": 0.07692307692307693 }, "model": "item/fishing_rod/5" },
		{ "predicate": { "cast": 1, "damaged": 0, "damage": 0.07692307692307693 }, "model": "item/fishing_rod_cast/5" },
		{ "predicate": { "damaged": 0, "damage": 0.09230769230769231 }, "model": "item/fishing_rod/6" },
		{ "predicate": { "cast": 1, "damaged": 0, "damage": 0.09230769230769231 }, "model": "item/fishing_rod_cast/6" },
		{ "predicate": { "damaged": 0, "damage": 0.1076923076923077 }, "model": "item/fishing_rod/7" },
		{ "predicate": { "cast": 1, "damaged": 0, "damage": 0.1076923076923077 }, "model": "item/fishing_rod_cast/7" },
		{ "predicate": { "damaged": 0, "damage": 0.12307692307692308 }, "model": "item/fishing_rod/8" },
		{ "predicate": { "cast": 1, "damaged": 0, "damage": 0.12307692307692308 }, "model": "item/fishing_rod_cast/8" },
		{ "predicate": { "damaged": 0, "damage": 0.13846153846153847 }, "model": "item/fishing_rod/9" },
		{ "predicate": { "cast": 1, "damaged": 0, "damage": 0.13846153846153847 }, "model": "item/fishing_rod_cast/9" },
		{ "predicate": { "damaged": 0, "damage": 0.15384615384615385 }, "model": "item/fishing_rod/10" },
		{ "predicate": { "cast": 1, "damaged": 0, "damage": 0.15384615384615385 }, "model": "item/fishing_rod_cast/10" },
		{ "predicate": { "damaged": 0, "damage": 0.16923076923076924 }, "model": "item/fishing_rod/11" },
		{ "predicate": { "cast": 1, "damaged": 0, "damage": 0.16923076923076924 }, "model": "item/fishing_rod_cast/11" },
		{ "predicate": { "damaged": 0, "damage": 0.18461538461538463 }, "model": "item/fishing_rod/12" },
		{ "predicate": { "cast": 1, "damaged": 0, "damage": 0.18461538461538463 }, "model": "item/fishing_rod_cast/12" },
		{ "predicate": { "damaged": 0, "damage": 0.2 }, "model": "item/fishing_rod/13" },
		{ "predicate": { "cast": 1, "damaged": 0, "damage": 0.2 }, "model": "item/fishing_rod_cast/13" },
		{ "predicate": { "damaged": 0, "damage": 0.2153846153846154 }, "model": "item/fishing_rod/14" },
		{ "predicate": { "cast": 1, "damaged": 0, "damage": 0.2153846153846154 }, "model": "item/fishing_rod_cast/14" },
		{ "predicate": { "damaged": 0, "damage": 0.23076923076923078 }, "model": "item/fishing_rod/15" },
		{ "predicate": { "cast": 1, "damaged": 0, "damage": 0.23076923076923078 }, "model": "item/fishing_rod_cast/15" },
		{ "predicate": { "damaged": 0, "damage": 0.24615384615384617 }, "model": "item/fishing_rod/16" },
		{ "predicate": { "cast": 1, "damaged": 0, "damage": 0.24615384615384617 }, "model": "item/fishing_rod_cast/16" },
		{ "predicate": { "damaged": 0, "damage": 0.26153846153846155 }, "model": "item/fishing_rod/17" },
		{ "predicate": { "cast": 1, "damaged": 0, "damage": 0.26153846153846155 }, "model": "item/fishing_rod_cast/17" },
		{ "predicate": { "damaged": 0, "damage": 0.27692307692307694 }, "model": "item/fishing_rod/18" },
		{ "predicate": { "cast": 1, "damaged": 0, "damage": 0.27692307692307694 }, "model": "item/fishing_rod_cast/18" },
		{ "predicate": { "damaged": 0, "damage": 0.2923076923076923 }, "model": "item/fishing_rod/19" },
		{ "predicate": { "cast": 1, "damaged": 0, "damage": 0.2923076923076923 }, "model": "item/fishing_rod_cast/19" },
		{ "predicate": { "damaged": 0, "damage": 0.3076923076923077 }, "model": "item/fishing_rod/20" },
		{ "predicate": { "cast": 1, "damaged": 0, "damage": 0.3076923076923077 }, "model": "item/fishing_rod_cast/20" },
		{ "predicate": { "damaged": 0, "damage": 0.3230769230769231 }, "model": "item/fishing_rod" },
		{ "predicate": { "cast": 1, "damaged": 0, "damage": 0.3230769230769231 }, "model": "item/fishing_rod_cast" },
		{ "predicate": { "damaged": 1, "damage": 0}, "model": "item/fishing_rod"},
		{ "predicate": { "cast": 1, "damaged": 1, "damage": 0}, "model": "item/fishing_rod_cast"}
	]
}
