{
	"parent": "item/handheld",
	"textures": {
		"layer0": "item/golden_axe"
	},
	"overrides": [
		{ "predicate": { "damaged": 0, "damage": 0.030303030303030304 }, "model": "item/golden_axe/1" },
		{ "predicate": { "damaged": 0, "damage": 0.06060606060606061 }, "model": "item/golden_axe/2" },
		{ "predicate": { "damaged": 0, "damage": 0.09090909090909091 }, "model": "item/golden_axe/3" },
		{ "predicate": { "damaged": 0, "damage": 0.12121212121212122 }, "model": "item/golden_axe/4" },
		{ "predicate": { "damaged": 0, "damage": 0.15151515151515152 }, "model": "item/golden_axe/5" },
		{ "predicate": { "damaged": 0, "damage": 0.18181818181818182 }, "model": "item/golden_axe/6" },
		{ "predicate": { "damaged": 0, "damage": 0.21212121212121213 }, "model": "item/golden_axe/7" },
		{ "predicate": { "damaged": 0, "damage": 0.24242424242424243 }, "model": "item/golden_axe/8" },
		{ "predicate": { "damaged": 0, "damage": 0.2727272727272727 }, "model": "item/golden_axe/9" },
		{ "predicate": { "damaged": 0, "damage": 0.30303030303030304 }, "model": "item/golden_axe/10" },
		{ "predicate": { "damaged": 0, "damage": 0.3333333333333333 }, "model": "item/golden_axe/11" },
		{ "predicate": { "damaged": 0, "damage": 0.36363636363636365 }, "model": "item/golden_axe/12" },
		{ "predicate": { "damaged": 0, "damage": 0.3939393939393939 }, "model": "item/golden_axe/13" },
		{ "predicate": { "damaged": 0, "damage": 0.42424242424242425 }, "model": "item/golden_axe/14" },
		{ "predicate": { "damaged": 0, "damage": 0.45454545454545453 }, "model": "item/golden_axe/15" },
		{ "predicate": { "damaged": 0, "damage": 0.48484848484848486 }, "model": "item/golden_axe/16" },
		{ "predicate": { "damaged": 0, "damage": 0.5151515151515151 }, "model": "item/golden_axe/17" },
		{ "predicate": { "damaged": 0, "damage": 0.5454545454545454 }, "model": "item/golden_axe/18" },
		{ "predicate": { "damaged": 0, "damage": 0.5757575757575758 }, "model": "item/golden_axe/19" },
		{ "predicate": { "damaged": 0, "damage": 0.6060606060606061 }, "model": "item/golden_axe/20" },
		{ "predicate": { "damaged": 0, "damage": 0.6363636363636364 }, "model": "item/golden_axe" },
		{ "predicate": { "damaged": 1, "damage": 0}, "model": "item/golden_axe"}
	]
}
